Location_id, Region, Filename
015, Other, TestPlan_results_015
001, Other, TestPlan_results_001
029, USA, TestPlan_results_029
017, USA, TestPlan_results_017
011, USA, TestPlan_results_011
008, USA, TestPlan_results_008
022, USA, TestPlan_results_022
003, Russia, TestPlan_results_003
007, Russia, TestPlan_results_007
024, USA, TestPlan_results_024
025, USA, TestPlan_results_025
026, USA, TestPlan_results_026
027, USA, TestPlan_results_027
006, Russia, TestPlan_results_006
013, USA, TestPlan_results_013
021, Russia, TestPlan_results_021
023, USA, TestPlan_results_023
004, Russia, TestPlan_results_004
010, USA, TestPlan_results_010
005, USA, TestPlan_results_005
